name,age,address
fukui,27,niigata
fukui,27,niigata
fukui,27,niigata
fukui,27,niigata
fukui,27,niigata
fukui,27,niigata
fukui,27,niigata
fukui,27,niigata
fukui,27,niigata
大谷翔平,23,iwate
大谷翔平,23,iwate
大谷翔平,23,iwate
大谷翔平,23,iwate
大谷翔平,23,iwate
fukui,27,niigata
fukui,27,niigata
fukui,27,niigata
fukui,27,niigata
fukui,27,niigata
fukui,27,niigata
fukui,27,niigata
fukui,27,niigata
fukui,27,niigata
大谷翔平,23,iwate
大谷翔平,23,iwate
大谷翔平,23,iwate
大谷翔平,23,iwate
大谷翔平,23,iwatefukui,27,niigata
fukui,27,niigata
fukui,27,niigata
fukui,27,niigata
fukui,27,niigata
fukui,27,niigata
fukui,27,niigata
fukui,27,niigata
fukui,27,niigata
大谷翔平,23,iwate
大谷翔平,23,iwate
大谷翔平,23,iwate
大谷翔平,23,iwate
大谷翔平,23,iwatefukui,27,niigata
fukui,27,niigata
fukui,27,niigata
fukui,27,niigata
fukui,27,niigata
fukui,27,niigata
fukui,27,niigata
fukui,27,niigata
fukui,27,niigata
大谷翔平,23,iwate
大谷翔平,23,iwate
大谷翔平,23,iwate
大谷翔平,23,iwate
大谷翔平,23,iwatevfukui,27,niigata
fukui,27,niigata
fukui,27,niigata
fukui,27,niigata
fukui,27,niigata
fukui,27,niigata
fukui,27,niigata
fukui,27,niigata
fukui,27,niigata
大谷翔平,23,iwate
大谷翔平,23,iwate
大谷翔平,23,iwate
大谷翔平,23,iwate
大谷翔平,23,iwatefukui,27,niigata
fukui,27,niigata
fukui,27,niigata
fukui,27,niigata
fukui,27,niigata
fukui,27,niigata
fukui,27,niigata
fukui,27,niigata
fukui,27,niigata
大谷翔平,23,iwate
大谷翔平,23,iwate
大谷翔平,23,iwate
大谷翔平,23,iwate
大谷翔平,23,iwate
